{
  "$schema": "https://openapi.vercel.sh/vercel.json",
  "framework": "nextjs",
  "buildCommand": "npm run build",
  "devCommand": "npm run dev",
  "installCommand": "npm install",
  "env": {
    "NEXT_PUBLIC_API_URL": "https://omnitrackiq-backend.onrender.com"
  },
  "headers": [
    {
      "source": "/(.*)",
      "headers": [
        {
          "key": "X-Content-Type-Options",
          "value": "nosniff"
        },
        {
          "key": "X-Frame-Options",
          "value": "DENY"
        },
        {
          "key": "X-XSS-Protection",
          "value": "1; mode=block"
        }
      ]
    }
  ]
}
